id,title,description,availability,condition,price,link,image_link,brand,google_product_category,fb_product_category,item_group_id
"prod-1791392411242-eve6m","4Pc Velvet Jacquard Bedsheet Set (King Size)","4Pc Velvet Jacquard Bedsheet Set (King Size) Tagline: Plush velvet. Woven luxury. Colour that lasts. Overview Give your bedroom the look of a boutique hotel suite. This 4-piece King Size set is made from rich velvet jacquard, a fabric known for its soft, plush feel and its elegant woven pattern. The pattern is woven into the fabric rather than printed on it, so the design has depth, texture and a subtle sheen that catches the light. It suits both modern and classic décor, and it works well for everyday use as well as for wedding, gifting and festive occasions. What's in the Set Piece Quantity Size Bedsheet 1 95 × 95 inches Pillow Covers 2 19 × 29 inches Cushion Cover 1 15 × 15 inches The generous 95 × 95 inch bedsheet covers a King Size bed with room to tuck in. The pillow covers fit standard bed pillows, and the matching cushion cover adds a finishing touch. Key Features Velvet jacquard fabric: soft and smooth to the touch, with a rich, premium look. Woven pattern: the design is built into the fabric, so it won't fade or peel like a surface print. 100% colour guarantee: the colours stay vivid and true, wash after wash. Complete coordinated set: the bedsheet, pillow covers and cushion cover match, so the bed looks styled straight away. Warm and cosy feel: velvet is comfortable and inviting, especially in cooler months. Gift-worthy: a good choice for weddings, housewarmings and festive gifting. Care Instructions Wash gently in cold or lukewarm water. Wash with similar colours and turn the pieces inside out. Use a mild detergent and avoid bleach. Dry in shade and iron on low heat on the reverse side. Why You'll Love It It looks like a luxury hotel bed, feels soft against the skin, and the design stays vibrant for a long time. The matching pieces mean you don't have to buy extras to style your bed.","in stock","new","3500.00 PKR","https://loomsday.store/product/4pc-velvet-jacquard-bedsheet-set-king-size-26","https://loomsday.store/images/products/4pc-velvet-jacquard-bedsheet-set-king-size-26.jpg","LOOMSDAY","Home & Garden > Linens & Bedding > Bedding","bedding","prod-1791392411242-eve6m"
"prod-1791392362845-de52o","4Pc Velvet Jacquard Bedsheet Set (King Size)","4Pc Velvet Jacquard Bedsheet Set (King Size) Tagline: Plush velvet. Woven luxury. Colour that lasts. Overview Give your bedroom the look of a boutique hotel suite. This 4-piece King Size set is made from rich velvet jacquard, a fabric known for its soft, plush feel and its elegant woven pattern. The pattern is woven into the fabric rather than printed on it, so the design has depth, texture and a subtle sheen that catches the light. It suits both modern and classic décor, and it works well for everyday use as well as for wedding, gifting and festive occasions. What's in the Set Piece Quantity Size Bedsheet 1 95 × 95 inches Pillow Covers 2 19 × 29 inches Cushion Cover 1 15 × 15 inches The generous 95 × 95 inch bedsheet covers a King Size bed with room to tuck in. The pillow covers fit standard bed pillows, and the matching cushion cover adds a finishing touch. Key Features Velvet jacquard fabric: soft and smooth to the touch, with a rich, premium look. Woven pattern: the design is built into the fabric, so it won't fade or peel like a surface print. 100% colour guarantee: the colours stay vivid and true, wash after wash. Complete coordinated set: the bedsheet, pillow covers and cushion cover match, so the bed looks styled straight away. Warm and cosy feel: velvet is comfortable and inviting, especially in cooler months. Gift-worthy: a good choice for weddings, housewarmings and festive gifting. Care Instructions Wash gently in cold or lukewarm water. Wash with similar colours and turn the pieces inside out. Use a mild detergent and avoid bleach. Dry in shade and iron on low heat on the reverse side. Why You'll Love It It looks like a luxury hotel bed, feels soft against the skin, and the design stays vibrant for a long time. The matching pieces mean you don't have to buy extras to style your bed.","in stock","new","3500.00 PKR","https://loomsday.store/product/4pc-velvet-jacquard-bedsheet-set-king-size-25","https://loomsday.store/images/products/4pc-velvet-jacquard-bedsheet-set-king-size-25.jpg","LOOMSDAY","Home & Garden > Linens & Bedding > Bedding","bedding","prod-1791392362845-de52o"
"prod-1791392291191-dxdj9","4Pc Velvet Jacquard Bedsheet Set (King Size)","4Pc Velvet Jacquard Bedsheet Set (King Size) Tagline: Plush velvet. Woven luxury. Colour that lasts. Overview Give your bedroom the look of a boutique hotel suite. This 4-piece King Size set is made from rich velvet jacquard, a fabric known for its soft, plush feel and its elegant woven pattern. The pattern is woven into the fabric rather than printed on it, so the design has depth, texture and a subtle sheen that catches the light. It suits both modern and classic décor, and it works well for everyday use as well as for wedding, gifting and festive occasions. What's in the Set Piece Quantity Size Bedsheet 1 95 × 95 inches Pillow Covers 2 19 × 29 inches Cushion Cover 1 15 × 15 inches The generous 95 × 95 inch bedsheet covers a King Size bed with room to tuck in. The pillow covers fit standard bed pillows, and the matching cushion cover adds a finishing touch. Key Features Velvet jacquard fabric: soft and smooth to the touch, with a rich, premium look. Woven pattern: the design is built into the fabric, so it won't fade or peel like a surface print. 100% colour guarantee: the colours stay vivid and true, wash after wash. Complete coordinated set: the bedsheet, pillow covers and cushion cover match, so the bed looks styled straight away. Warm and cosy feel: velvet is comfortable and inviting, especially in cooler months. Gift-worthy: a good choice for weddings, housewarmings and festive gifting. Care Instructions Wash gently in cold or lukewarm water. Wash with similar colours and turn the pieces inside out. Use a mild detergent and avoid bleach. Dry in shade and iron on low heat on the reverse side. Why You'll Love It It looks like a luxury hotel bed, feels soft against the skin, and the design stays vibrant for a long time. The matching pieces mean you don't have to buy extras to style your bed.","in stock","new","3500.00 PKR","https://loomsday.store/product/4pc-velvet-jacquard-bedsheet-set-king-size-24","https://loomsday.store/images/products/4pc-velvet-jacquard-bedsheet-set-king-size-24.jpg","LOOMSDAY","Home & Garden > Linens & Bedding > Bedding","bedding","prod-1791392291191-dxdj9"
"prod-1791392228021-lte9i","4Pc Velvet Jacquard Bedsheet Set (King Size)","4Pc Velvet Jacquard Bedsheet Set (King Size) Tagline: Plush velvet. Woven luxury. Colour that lasts. Overview Give your bedroom the look of a boutique hotel suite. This 4-piece King Size set is made from rich velvet jacquard, a fabric known for its soft, plush feel and its elegant woven pattern. The pattern is woven into the fabric rather than printed on it, so the design has depth, texture and a subtle sheen that catches the light. It suits both modern and classic décor, and it works well for everyday use as well as for wedding, gifting and festive occasions. What's in the Set Piece Quantity Size Bedsheet 1 95 × 95 inches Pillow Covers 2 19 × 29 inches Cushion Cover 1 15 × 15 inches The generous 95 × 95 inch bedsheet covers a King Size bed with room to tuck in. The pillow covers fit standard bed pillows, and the matching cushion cover adds a finishing touch. Key Features Velvet jacquard fabric: soft and smooth to the touch, with a rich, premium look. Woven pattern: the design is built into the fabric, so it won't fade or peel like a surface print. 100% colour guarantee: the colours stay vivid and true, wash after wash. Complete coordinated set: the bedsheet, pillow covers and cushion cover match, so the bed looks styled straight away. Warm and cosy feel: velvet is comfortable and inviting, especially in cooler months. Gift-worthy: a good choice for weddings, housewarmings and festive gifting. Care Instructions Wash gently in cold or lukewarm water. Wash with similar colours and turn the pieces inside out. Use a mild detergent and avoid bleach. Dry in shade and iron on low heat on the reverse side. Why You'll Love It It looks like a luxury hotel bed, feels soft against the skin, and the design stays vibrant for a long time. The matching pieces mean you don't have to buy extras to style your bed.","in stock","new","3500.00 PKR","https://loomsday.store/product/4pc-velvet-jacquard-bedsheet-set-king-size-23","https://loomsday.store/images/products/4pc-velvet-jacquard-bedsheet-set-king-size-23.jpg","LOOMSDAY","Home & Garden > Linens & Bedding > Bedding","bedding","prod-1791392228021-lte9i"
"prod-1791392169206-cpdmr","4Pc Velvet Jacquard Bedsheet Set (King Size)","4Pc Velvet Jacquard Bedsheet Set (King Size) Tagline: Plush velvet. Woven luxury. Colour that lasts. Overview Give your bedroom the look of a boutique hotel suite. This 4-piece King Size set is made from rich velvet jacquard, a fabric known for its soft, plush feel and its elegant woven pattern. The pattern is woven into the fabric rather than printed on it, so the design has depth, texture and a subtle sheen that catches the light. It suits both modern and classic décor, and it works well for everyday use as well as for wedding, gifting and festive occasions. What's in the Set Piece Quantity Size Bedsheet 1 95 × 95 inches Pillow Covers 2 19 × 29 inches Cushion Cover 1 15 × 15 inches The generous 95 × 95 inch bedsheet covers a King Size bed with room to tuck in. The pillow covers fit standard bed pillows, and the matching cushion cover adds a finishing touch. Key Features Velvet jacquard fabric: soft and smooth to the touch, with a rich, premium look. Woven pattern: the design is built into the fabric, so it won't fade or peel like a surface print. 100% colour guarantee: the colours stay vivid and true, wash after wash. Complete coordinated set: the bedsheet, pillow covers and cushion cover match, so the bed looks styled straight away. Warm and cosy feel: velvet is comfortable and inviting, especially in cooler months. Gift-worthy: a good choice for weddings, housewarmings and festive gifting. Care Instructions Wash gently in cold or lukewarm water. Wash with similar colours and turn the pieces inside out. Use a mild detergent and avoid bleach. Dry in shade and iron on low heat on the reverse side. Why You'll Love It It looks like a luxury hotel bed, feels soft against the skin, and the design stays vibrant for a long time. The matching pieces mean you don't have to buy extras to style your bed.","in stock","new","3500.00 PKR","https://loomsday.store/product/4pc-velvet-jacquard-bedsheet-set-king-size-22","https://loomsday.store/images/products/4pc-velvet-jacquard-bedsheet-set-king-size-22.jpg","LOOMSDAY","Home & Garden > Linens & Bedding > Bedding","bedding","prod-1791392169206-cpdmr"
"prod-1791392081029-i29bo","4Pc Velvet Jacquard Bedsheet Set (King Size)","4Pc Velvet Jacquard Bedsheet Set (King Size) Tagline: Plush velvet. Woven luxury. Colour that lasts. Overview Give your bedroom the look of a boutique hotel suite. This 4-piece King Size set is made from rich velvet jacquard, a fabric known for its soft, plush feel and its elegant woven pattern. The pattern is woven into the fabric rather than printed on it, so the design has depth, texture and a subtle sheen that catches the light. It suits both modern and classic décor, and it works well for everyday use as well as for wedding, gifting and festive occasions. What's in the Set Piece Quantity Size Bedsheet 1 95 × 95 inches Pillow Covers 2 19 × 29 inches Cushion Cover 1 15 × 15 inches The generous 95 × 95 inch bedsheet covers a King Size bed with room to tuck in. The pillow covers fit standard bed pillows, and the matching cushion cover adds a finishing touch. Key Features Velvet jacquard fabric: soft and smooth to the touch, with a rich, premium look. Woven pattern: the design is built into the fabric, so it won't fade or peel like a surface print. 100% colour guarantee: the colours stay vivid and true, wash after wash. Complete coordinated set: the bedsheet, pillow covers and cushion cover match, so the bed looks styled straight away. Warm and cosy feel: velvet is comfortable and inviting, especially in cooler months. Gift-worthy: a good choice for weddings, housewarmings and festive gifting. Care Instructions Wash gently in cold or lukewarm water. Wash with similar colours and turn the pieces inside out. Use a mild detergent and avoid bleach. Dry in shade and iron on low heat on the reverse side. Why You'll Love It It looks like a luxury hotel bed, feels soft against the skin, and the design stays vibrant for a long time. The matching pieces mean you don't have to buy extras to style your bed.","in stock","new","3500.00 PKR","https://loomsday.store/product/4pc-velvet-jacquard-bedsheet-set-king-size-21","https://loomsday.store/images/products/4pc-velvet-jacquard-bedsheet-set-king-size-21.jpg","LOOMSDAY","Home & Garden > Linens & Bedding > Bedding","bedding","prod-1791392081029-i29bo"
"prod-1791391946154-u78c8","4Pc Velvet Jacquard Bedsheet Set (King Size)","4Pc Velvet Jacquard Bedsheet Set (King Size) Tagline: Plush velvet. Woven luxury. Colour that lasts. Overview Give your bedroom the look of a boutique hotel suite. This 4-piece King Size set is made from rich velvet jacquard, a fabric known for its soft, plush feel and its elegant woven pattern. The pattern is woven into the fabric rather than printed on it, so the design has depth, texture and a subtle sheen that catches the light. It suits both modern and classic décor, and it works well for everyday use as well as for wedding, gifting and festive occasions. What's in the Set Piece Quantity Size Bedsheet 1 95 × 95 inches Pillow Covers 2 19 × 29 inches Cushion Cover 1 15 × 15 inches The generous 95 × 95 inch bedsheet covers a King Size bed with room to tuck in. The pillow covers fit standard bed pillows, and the matching cushion cover adds a finishing touch. Key Features Velvet jacquard fabric: soft and smooth to the touch, with a rich, premium look. Woven pattern: the design is built into the fabric, so it won't fade or peel like a surface print. 100% colour guarantee: the colours stay vivid and true, wash after wash. Complete coordinated set: the bedsheet, pillow covers and cushion cover match, so the bed looks styled straight away. Warm and cosy feel: velvet is comfortable and inviting, especially in cooler months. Gift-worthy: a good choice for weddings, housewarmings and festive gifting. Care Instructions Wash gently in cold or lukewarm water. Wash with similar colours and turn the pieces inside out. Use a mild detergent and avoid bleach. Dry in shade and iron on low heat on the reverse side. Why You'll Love It It looks like a luxury hotel bed, feels soft against the skin, and the design stays vibrant for a long time. The matching pieces mean you don't have to buy extras to style your bed.","in stock","new","3500.00 PKR","https://loomsday.store/product/4pc-velvet-jacquard-bedsheet-set-king-size-20","https://loomsday.store/images/products/4pc-velvet-jacquard-bedsheet-set-king-size-20.jpg","LOOMSDAY","Home & Garden > Linens & Bedding > Bedding","bedding","prod-1791391946154-u78c8"
"prod-1791391885902-k76u9","4Pc Velvet Jacquard Bedsheet Set (King Size)","4Pc Velvet Jacquard Bedsheet Set (King Size) Tagline: Plush velvet. Woven luxury. Colour that lasts. Overview Give your bedroom the look of a boutique hotel suite. This 4-piece King Size set is made from rich velvet jacquard, a fabric known for its soft, plush feel and its elegant woven pattern. The pattern is woven into the fabric rather than printed on it, so the design has depth, texture and a subtle sheen that catches the light. It suits both modern and classic décor, and it works well for everyday use as well as for wedding, gifting and festive occasions. What's in the Set Piece Quantity Size Bedsheet 1 95 × 95 inches Pillow Covers 2 19 × 29 inches Cushion Cover 1 15 × 15 inches The generous 95 × 95 inch bedsheet covers a King Size bed with room to tuck in. The pillow covers fit standard bed pillows, and the matching cushion cover adds a finishing touch. Key Features Velvet jacquard fabric: soft and smooth to the touch, with a rich, premium look. Woven pattern: the design is built into the fabric, so it won't fade or peel like a surface print. 100% colour guarantee: the colours stay vivid and true, wash after wash. Complete coordinated set: the bedsheet, pillow covers and cushion cover match, so the bed looks styled straight away. Warm and cosy feel: velvet is comfortable and inviting, especially in cooler months. Gift-worthy: a good choice for weddings, housewarmings and festive gifting. Care Instructions Wash gently in cold or lukewarm water. Wash with similar colours and turn the pieces inside out. Use a mild detergent and avoid bleach. Dry in shade and iron on low heat on the reverse side. Why You'll Love It It looks like a luxury hotel bed, feels soft against the skin, and the design stays vibrant for a long time. The matching pieces mean you don't have to buy extras to style your bed.","in stock","new","3500.00 PKR","https://loomsday.store/product/4pc-velvet-jacquard-bedsheet-set-king-size-19","https://loomsday.store/images/products/4pc-velvet-jacquard-bedsheet-set-king-size-19.jpg","LOOMSDAY","Home & Garden > Linens & Bedding > Bedding","bedding","prod-1791391885902-k76u9"
"prod-1791391824143-kufln","4Pc Velvet Jacquard Bedsheet Set (King Size)","4Pc Velvet Jacquard Bedsheet Set (King Size) Tagline: Plush velvet. Woven luxury. Colour that lasts. Overview Give your bedroom the look of a boutique hotel suite. This 4-piece King Size set is made from rich velvet jacquard, a fabric known for its soft, plush feel and its elegant woven pattern. The pattern is woven into the fabric rather than printed on it, so the design has depth, texture and a subtle sheen that catches the light. It suits both modern and classic décor, and it works well for everyday use as well as for wedding, gifting and festive occasions. What's in the Set Piece Quantity Size Bedsheet 1 95 × 95 inches Pillow Covers 2 19 × 29 inches Cushion Cover 1 15 × 15 inches The generous 95 × 95 inch bedsheet covers a King Size bed with room to tuck in. The pillow covers fit standard bed pillows, and the matching cushion cover adds a finishing touch. Key Features Velvet jacquard fabric: soft and smooth to the touch, with a rich, premium look. Woven pattern: the design is built into the fabric, so it won't fade or peel like a surface print. 100% colour guarantee: the colours stay vivid and true, wash after wash. Complete coordinated set: the bedsheet, pillow covers and cushion cover match, so the bed looks styled straight away. Warm and cosy feel: velvet is comfortable and inviting, especially in cooler months. Gift-worthy: a good choice for weddings, housewarmings and festive gifting. Care Instructions Wash gently in cold or lukewarm water. Wash with similar colours and turn the pieces inside out. Use a mild detergent and avoid bleach. Dry in shade and iron on low heat on the reverse side. Why You'll Love It It looks like a luxury hotel bed, feels soft against the skin, and the design stays vibrant for a long time. The matching pieces mean you don't have to buy extras to style your bed.","in stock","new","3500.00 PKR","https://loomsday.store/product/4pc-velvet-jacquard-bedsheet-set-king-size-18","https://loomsday.store/images/products/4pc-velvet-jacquard-bedsheet-set-king-size-18.jpg","LOOMSDAY","Home & Garden > Linens & Bedding > Bedding","bedding","prod-1791391824143-kufln"
"prod-1791391759117-9vwsq","4Pc Velvet Jacquard Bedsheet Set (King Size)","4Pc Velvet Jacquard Bedsheet Set (King Size) Tagline: Plush velvet. Woven luxury. Colour that lasts. Overview Give your bedroom the look of a boutique hotel suite. This 4-piece King Size set is made from rich velvet jacquard, a fabric known for its soft, plush feel and its elegant woven pattern. The pattern is woven into the fabric rather than printed on it, so the design has depth, texture and a subtle sheen that catches the light. It suits both modern and classic décor, and it works well for everyday use as well as for wedding, gifting and festive occasions. What's in the Set Piece Quantity Size Bedsheet 1 95 × 95 inches Pillow Covers 2 19 × 29 inches Cushion Cover 1 15 × 15 inches The generous 95 × 95 inch bedsheet covers a King Size bed with room to tuck in. The pillow covers fit standard bed pillows, and the matching cushion cover adds a finishing touch. Key Features Velvet jacquard fabric: soft and smooth to the touch, with a rich, premium look. Woven pattern: the design is built into the fabric, so it won't fade or peel like a surface print. 100% colour guarantee: the colours stay vivid and true, wash after wash. Complete coordinated set: the bedsheet, pillow covers and cushion cover match, so the bed looks styled straight away. Warm and cosy feel: velvet is comfortable and inviting, especially in cooler months. Gift-worthy: a good choice for weddings, housewarmings and festive gifting. Care Instructions Wash gently in cold or lukewarm water. Wash with similar colours and turn the pieces inside out. Use a mild detergent and avoid bleach. Dry in shade and iron on low heat on the reverse side. Why You'll Love It It looks like a luxury hotel bed, feels soft against the skin, and the design stays vibrant for a long time. The matching pieces mean you don't have to buy extras to style your bed.","in stock","new","3500.00 PKR","https://loomsday.store/product/4pc-velvet-jacquard-bedsheet-set-king-size-17","https://loomsday.store/images/products/4pc-velvet-jacquard-bedsheet-set-king-size-17.jpg","LOOMSDAY","Home & Garden > Linens & Bedding > Bedding","bedding","prod-1791391759117-9vwsq"
"prod-1791391632230-q7ol3","4Pc Velvet Jacquard Bedsheet Set (King Size)","4Pc Velvet Jacquard Bedsheet Set (King Size) Tagline: Plush velvet. Woven luxury. Colour that lasts. Overview Give your bedroom the look of a boutique hotel suite. This 4-piece King Size set is made from rich velvet jacquard, a fabric known for its soft, plush feel and its elegant woven pattern. The pattern is woven into the fabric rather than printed on it, so the design has depth, texture and a subtle sheen that catches the light. It suits both modern and classic décor, and it works well for everyday use as well as for wedding, gifting and festive occasions. What's in the Set Piece Quantity Size Bedsheet 1 95 × 95 inches Pillow Covers 2 19 × 29 inches Cushion Cover 1 15 × 15 inches The generous 95 × 95 inch bedsheet covers a King Size bed with room to tuck in. The pillow covers fit standard bed pillows, and the matching cushion cover adds a finishing touch. Key Features Velvet jacquard fabric: soft and smooth to the touch, with a rich, premium look. Woven pattern: the design is built into the fabric, so it won't fade or peel like a surface print. 100% colour guarantee: the colours stay vivid and true, wash after wash. Complete coordinated set: the bedsheet, pillow covers and cushion cover match, so the bed looks styled straight away. Warm and cosy feel: velvet is comfortable and inviting, especially in cooler months. Gift-worthy: a good choice for weddings, housewarmings and festive gifting. Care Instructions Wash gently in cold or lukewarm water. Wash with similar colours and turn the pieces inside out. Use a mild detergent and avoid bleach. Dry in shade and iron on low heat on the reverse side. Why You'll Love It It looks like a luxury hotel bed, feels soft against the skin, and the design stays vibrant for a long time. The matching pieces mean you don't have to buy extras to style your bed.","in stock","new","3500.00 PKR","https://loomsday.store/product/4pc-velvet-jacquard-bedsheet-set-king-size-16","https://loomsday.store/images/products/4pc-velvet-jacquard-bedsheet-set-king-size-16.jpg","LOOMSDAY","Home & Garden > Linens & Bedding > Bedding","bedding","prod-1791391632230-q7ol3"
"prod-1791391571176-0x16k","4Pc Velvet Jacquard Bedsheet Set (King Size)","4Pc Velvet Jacquard Bedsheet Set (King Size) Tagline: Plush velvet. Woven luxury. Colour that lasts. Overview Give your bedroom the look of a boutique hotel suite. This 4-piece King Size set is made from rich velvet jacquard, a fabric known for its soft, plush feel and its elegant woven pattern. The pattern is woven into the fabric rather than printed on it, so the design has depth, texture and a subtle sheen that catches the light. It suits both modern and classic décor, and it works well for everyday use as well as for wedding, gifting and festive occasions. What's in the Set Piece Quantity Size Bedsheet 1 95 × 95 inches Pillow Covers 2 19 × 29 inches Cushion Cover 1 15 × 15 inches The generous 95 × 95 inch bedsheet covers a King Size bed with room to tuck in. The pillow covers fit standard bed pillows, and the matching cushion cover adds a finishing touch. Key Features Velvet jacquard fabric: soft and smooth to the touch, with a rich, premium look. Woven pattern: the design is built into the fabric, so it won't fade or peel like a surface print. 100% colour guarantee: the colours stay vivid and true, wash after wash. Complete coordinated set: the bedsheet, pillow covers and cushion cover match, so the bed looks styled straight away. Warm and cosy feel: velvet is comfortable and inviting, especially in cooler months. Gift-worthy: a good choice for weddings, housewarmings and festive gifting. Care Instructions Wash gently in cold or lukewarm water. Wash with similar colours and turn the pieces inside out. Use a mild detergent and avoid bleach. Dry in shade and iron on low heat on the reverse side. Why You'll Love It It looks like a luxury hotel bed, feels soft against the skin, and the design stays vibrant for a long time. The matching pieces mean you don't have to buy extras to style your bed.","in stock","new","3500.00 PKR","https://loomsday.store/product/4pc-velvet-jacquard-bedsheet-set-king-size-15","https://loomsday.store/images/products/4pc-velvet-jacquard-bedsheet-set-king-size-15.jpg","LOOMSDAY","Home & Garden > Linens & Bedding > Bedding","bedding","prod-1791391571176-0x16k"
"prod-1791391385721-txrtv","4Pc Velvet Jacquard Bedsheet Set (King Size)","4Pc Velvet Jacquard Bedsheet Set (King Size) Tagline: Plush velvet. Woven luxury. Colour that lasts. Overview Give your bedroom the look of a boutique hotel suite. This 4-piece King Size set is made from rich velvet jacquard, a fabric known for its soft, plush feel and its elegant woven pattern. The pattern is woven into the fabric rather than printed on it, so the design has depth, texture and a subtle sheen that catches the light. It suits both modern and classic décor, and it works well for everyday use as well as for wedding, gifting and festive occasions. What's in the Set Piece Quantity Size Bedsheet 1 95 × 95 inches Pillow Covers 2 19 × 29 inches Cushion Cover 1 15 × 15 inches The generous 95 × 95 inch bedsheet covers a King Size bed with room to tuck in. The pillow covers fit standard bed pillows, and the matching cushion cover adds a finishing touch. Key Features Velvet jacquard fabric: soft and smooth to the touch, with a rich, premium look. Woven pattern: the design is built into the fabric, so it won't fade or peel like a surface print. 100% colour guarantee: the colours stay vivid and true, wash after wash. Complete coordinated set: the bedsheet, pillow covers and cushion cover match, so the bed looks styled straight away. Warm and cosy feel: velvet is comfortable and inviting, especially in cooler months. Gift-worthy: a good choice for weddings, housewarmings and festive gifting. Care Instructions Wash gently in cold or lukewarm water. Wash with similar colours and turn the pieces inside out. Use a mild detergent and avoid bleach. Dry in shade and iron on low heat on the reverse side. Why You'll Love It It looks like a luxury hotel bed, feels soft against the skin, and the design stays vibrant for a long time. The matching pieces mean you don't have to buy extras to style your bed.","in stock","new","3500.00 PKR","https://loomsday.store/product/4pc-velvet-jacquard-bedsheet-set-king-size-14","https://loomsday.store/images/products/4pc-velvet-jacquard-bedsheet-set-king-size-14.jpg","LOOMSDAY","Home & Garden > Linens & Bedding > Bedding","bedding","prod-1791391385721-txrtv"
"prod-1791391300257-44h9k","4Pc Velvet Jacquard Bedsheet Set (King Size)","4Pc Velvet Jacquard Bedsheet Set (King Size) Tagline: Plush velvet. Woven luxury. Colour that lasts. Overview Give your bedroom the look of a boutique hotel suite. This 4-piece King Size set is made from rich velvet jacquard, a fabric known for its soft, plush feel and its elegant woven pattern. The pattern is woven into the fabric rather than printed on it, so the design has depth, texture and a subtle sheen that catches the light. It suits both modern and classic décor, and it works well for everyday use as well as for wedding, gifting and festive occasions. What's in the Set Piece Quantity Size Bedsheet 1 95 × 95 inches Pillow Covers 2 19 × 29 inches Cushion Cover 1 15 × 15 inches The generous 95 × 95 inch bedsheet covers a King Size bed with room to tuck in. The pillow covers fit standard bed pillows, and the matching cushion cover adds a finishing touch. Key Features Velvet jacquard fabric: soft and smooth to the touch, with a rich, premium look. Woven pattern: the design is built into the fabric, so it won't fade or peel like a surface print. 100% colour guarantee: the colours stay vivid and true, wash after wash. Complete coordinated set: the bedsheet, pillow covers and cushion cover match, so the bed looks styled straight away. Warm and cosy feel: velvet is comfortable and inviting, especially in cooler months. Gift-worthy: a good choice for weddings, housewarmings and festive gifting. Care Instructions Wash gently in cold or lukewarm water. Wash with similar colours and turn the pieces inside out. Use a mild detergent and avoid bleach. Dry in shade and iron on low heat on the reverse side. Why You'll Love It It looks like a luxury hotel bed, feels soft against the skin, and the design stays vibrant for a long time. The matching pieces mean you don't have to buy extras to style your bed.","in stock","new","3500.00 PKR","https://loomsday.store/product/4pc-velvet-jacquard-bedsheet-set-king-size-13","https://loomsday.store/images/products/4pc-velvet-jacquard-bedsheet-set-king-size-13.jpg","LOOMSDAY","Home & Garden > Linens & Bedding > Bedding","bedding","prod-1791391300257-44h9k"
"prod-1791391253637-l8bhm","4Pc Velvet Jacquard Bedsheet Set (King Size)","4Pc Velvet Jacquard Bedsheet Set (King Size) Tagline: Plush velvet. Woven luxury. Colour that lasts. Overview Give your bedroom the look of a boutique hotel suite. This 4-piece King Size set is made from rich velvet jacquard, a fabric known for its soft, plush feel and its elegant woven pattern. The pattern is woven into the fabric rather than printed on it, so the design has depth, texture and a subtle sheen that catches the light. It suits both modern and classic décor, and it works well for everyday use as well as for wedding, gifting and festive occasions. What's in the Set Piece Quantity Size Bedsheet 1 95 × 95 inches Pillow Covers 2 19 × 29 inches Cushion Cover 1 15 × 15 inches The generous 95 × 95 inch bedsheet covers a King Size bed with room to tuck in. The pillow covers fit standard bed pillows, and the matching cushion cover adds a finishing touch. Key Features Velvet jacquard fabric: soft and smooth to the touch, with a rich, premium look. Woven pattern: the design is built into the fabric, so it won't fade or peel like a surface print. 100% colour guarantee: the colours stay vivid and true, wash after wash. Complete coordinated set: the bedsheet, pillow covers and cushion cover match, so the bed looks styled straight away. Warm and cosy feel: velvet is comfortable and inviting, especially in cooler months. Gift-worthy: a good choice for weddings, housewarmings and festive gifting. Care Instructions Wash gently in cold or lukewarm water. Wash with similar colours and turn the pieces inside out. Use a mild detergent and avoid bleach. Dry in shade and iron on low heat on the reverse side. Why You'll Love It It looks like a luxury hotel bed, feels soft against the skin, and the design stays vibrant for a long time. The matching pieces mean you don't have to buy extras to style your bed.","in stock","new","3500.00 PKR","https://loomsday.store/product/4pc-velvet-jacquard-bedsheet-set-king-size-12","https://loomsday.store/images/products/4pc-velvet-jacquard-bedsheet-set-king-size-12.jpg","LOOMSDAY","Home & Garden > Linens & Bedding > Bedding","bedding","prod-1791391253637-l8bhm"
"prod-1791391181447-coqf9","4Pc Velvet Jacquard Bedsheet Set (King Size)","4Pc Velvet Jacquard Bedsheet Set (King Size) Tagline: Plush velvet. Woven luxury. Colour that lasts. Overview Give your bedroom the look of a boutique hotel suite. This 4-piece King Size set is made from rich velvet jacquard, a fabric known for its soft, plush feel and its elegant woven pattern. The pattern is woven into the fabric rather than printed on it, so the design has depth, texture and a subtle sheen that catches the light. It suits both modern and classic décor, and it works well for everyday use as well as for wedding, gifting and festive occasions. What's in the Set Piece Quantity Size Bedsheet 1 95 × 95 inches Pillow Covers 2 19 × 29 inches Cushion Cover 1 15 × 15 inches The generous 95 × 95 inch bedsheet covers a King Size bed with room to tuck in. The pillow covers fit standard bed pillows, and the matching cushion cover adds a finishing touch. Key Features Velvet jacquard fabric: soft and smooth to the touch, with a rich, premium look. Woven pattern: the design is built into the fabric, so it won't fade or peel like a surface print. 100% colour guarantee: the colours stay vivid and true, wash after wash. Complete coordinated set: the bedsheet, pillow covers and cushion cover match, so the bed looks styled straight away. Warm and cosy feel: velvet is comfortable and inviting, especially in cooler months. Gift-worthy: a good choice for weddings, housewarmings and festive gifting. Care Instructions Wash gently in cold or lukewarm water. Wash with similar colours and turn the pieces inside out. Use a mild detergent and avoid bleach. Dry in shade and iron on low heat on the reverse side. Why You'll Love It It looks like a luxury hotel bed, feels soft against the skin, and the design stays vibrant for a long time. The matching pieces mean you don't have to buy extras to style your bed.","in stock","new","3500.00 PKR","https://loomsday.store/product/4pc-velvet-jacquard-bedsheet-set-king-size-11","https://loomsday.store/images/products/4pc-velvet-jacquard-bedsheet-set-king-size-11.jpg","LOOMSDAY","Home & Garden > Linens & Bedding > Bedding","bedding","prod-1791391181447-coqf9"
"prod-1791391102803-vbud8","4Pc Velvet Jacquard Bedsheet Set (King Size)","4Pc Velvet Jacquard Bedsheet Set (King Size) Tagline: Plush velvet. Woven luxury. Colour that lasts. Overview Give your bedroom the look of a boutique hotel suite. This 4-piece King Size set is made from rich velvet jacquard, a fabric known for its soft, plush feel and its elegant woven pattern. The pattern is woven into the fabric rather than printed on it, so the design has depth, texture and a subtle sheen that catches the light. It suits both modern and classic décor, and it works well for everyday use as well as for wedding, gifting and festive occasions. What's in the Set Piece Quantity Size Bedsheet 1 95 × 95 inches Pillow Covers 2 19 × 29 inches Cushion Cover 1 15 × 15 inches The generous 95 × 95 inch bedsheet covers a King Size bed with room to tuck in. The pillow covers fit standard bed pillows, and the matching cushion cover adds a finishing touch. Key Features Velvet jacquard fabric: soft and smooth to the touch, with a rich, premium look. Woven pattern: the design is built into the fabric, so it won't fade or peel like a surface print. 100% colour guarantee: the colours stay vivid and true, wash after wash. Complete coordinated set: the bedsheet, pillow covers and cushion cover match, so the bed looks styled straight away. Warm and cosy feel: velvet is comfortable and inviting, especially in cooler months. Gift-worthy: a good choice for weddings, housewarmings and festive gifting. Care Instructions Wash gently in cold or lukewarm water. Wash with similar colours and turn the pieces inside out. Use a mild detergent and avoid bleach. Dry in shade and iron on low heat on the reverse side. Why You'll Love It It looks like a luxury hotel bed, feels soft against the skin, and the design stays vibrant for a long time. The matching pieces mean you don't have to buy extras to style your bed.","in stock","new","3500.00 PKR","https://loomsday.store/product/4pc-velvet-jacquard-bedsheet-set-king-size-10","https://loomsday.store/images/products/4pc-velvet-jacquard-bedsheet-set-king-size-10.jpg","LOOMSDAY","Home & Garden > Linens & Bedding > Bedding","bedding","prod-1791391102803-vbud8"
"prod-1791391038500-2lq21","4Pc Velvet Jacquard Bedsheet Set (King Size)","4Pc Velvet Jacquard Bedsheet Set (King Size) Tagline: Plush velvet. Woven luxury. Colour that lasts. Overview Give your bedroom the look of a boutique hotel suite. This 4-piece King Size set is made from rich velvet jacquard, a fabric known for its soft, plush feel and its elegant woven pattern. The pattern is woven into the fabric rather than printed on it, so the design has depth, texture and a subtle sheen that catches the light. It suits both modern and classic décor, and it works well for everyday use as well as for wedding, gifting and festive occasions. What's in the Set Piece Quantity Size Bedsheet 1 95 × 95 inches Pillow Covers 2 19 × 29 inches Cushion Cover 1 15 × 15 inches The generous 95 × 95 inch bedsheet covers a King Size bed with room to tuck in. The pillow covers fit standard bed pillows, and the matching cushion cover adds a finishing touch. Key Features Velvet jacquard fabric: soft and smooth to the touch, with a rich, premium look. Woven pattern: the design is built into the fabric, so it won't fade or peel like a surface print. 100% colour guarantee: the colours stay vivid and true, wash after wash. Complete coordinated set: the bedsheet, pillow covers and cushion cover match, so the bed looks styled straight away. Warm and cosy feel: velvet is comfortable and inviting, especially in cooler months. Gift-worthy: a good choice for weddings, housewarmings and festive gifting. Care Instructions Wash gently in cold or lukewarm water. Wash with similar colours and turn the pieces inside out. Use a mild detergent and avoid bleach. Dry in shade and iron on low heat on the reverse side. Why You'll Love It It looks like a luxury hotel bed, feels soft against the skin, and the design stays vibrant for a long time. The matching pieces mean you don't have to buy extras to style your bed.","in stock","new","3500.00 PKR","https://loomsday.store/product/4pc-velvet-jacquard-bedsheet-set-king-size-9","https://loomsday.store/images/products/4pc-velvet-jacquard-bedsheet-set-king-size-9.jpg","LOOMSDAY","Home & Garden > Linens & Bedding > Bedding","bedding","prod-1791391038500-2lq21"
"prod-1791390963064-uhm71","4Pc Velvet Jacquard Bedsheet Set (King Size)","4Pc Velvet Jacquard Bedsheet Set (King Size) Tagline: Plush velvet. Woven luxury. Colour that lasts. Overview Give your bedroom the look of a boutique hotel suite. This 4-piece King Size set is made from rich velvet jacquard, a fabric known for its soft, plush feel and its elegant woven pattern. The pattern is woven into the fabric rather than printed on it, so the design has depth, texture and a subtle sheen that catches the light. It suits both modern and classic décor, and it works well for everyday use as well as for wedding, gifting and festive occasions. What's in the Set Piece Quantity Size Bedsheet 1 95 × 95 inches Pillow Covers 2 19 × 29 inches Cushion Cover 1 15 × 15 inches The generous 95 × 95 inch bedsheet covers a King Size bed with room to tuck in. The pillow covers fit standard bed pillows, and the matching cushion cover adds a finishing touch. Key Features Velvet jacquard fabric: soft and smooth to the touch, with a rich, premium look. Woven pattern: the design is built into the fabric, so it won't fade or peel like a surface print. 100% colour guarantee: the colours stay vivid and true, wash after wash. Complete coordinated set: the bedsheet, pillow covers and cushion cover match, so the bed looks styled straight away. Warm and cosy feel: velvet is comfortable and inviting, especially in cooler months. Gift-worthy: a good choice for weddings, housewarmings and festive gifting. Care Instructions Wash gently in cold or lukewarm water. Wash with similar colours and turn the pieces inside out. Use a mild detergent and avoid bleach. Dry in shade and iron on low heat on the reverse side. Why You'll Love It It looks like a luxury hotel bed, feels soft against the skin, and the design stays vibrant for a long time. The matching pieces mean you don't have to buy extras to style your bed.","in stock","new","3500.00 PKR","https://loomsday.store/product/4pc-velvet-jacquard-bedsheet-set-king-size-8","https://loomsday.store/images/products/4pc-velvet-jacquard-bedsheet-set-king-size-8.jpg","LOOMSDAY","Home & Garden > Linens & Bedding > Bedding","bedding","prod-1791390963064-uhm71"
"prod-1791390897908-tlktd","4Pc Velvet Jacquard Bedsheet Set (King Size)","4Pc Velvet Jacquard Bedsheet Set (King Size) Tagline: Plush velvet. Woven luxury. Colour that lasts. Overview Give your bedroom the look of a boutique hotel suite. This 4-piece King Size set is made from rich velvet jacquard, a fabric known for its soft, plush feel and its elegant woven pattern. The pattern is woven into the fabric rather than printed on it, so the design has depth, texture and a subtle sheen that catches the light. It suits both modern and classic décor, and it works well for everyday use as well as for wedding, gifting and festive occasions. What's in the Set Piece Quantity Size Bedsheet 1 95 × 95 inches Pillow Covers 2 19 × 29 inches Cushion Cover 1 15 × 15 inches The generous 95 × 95 inch bedsheet covers a King Size bed with room to tuck in. The pillow covers fit standard bed pillows, and the matching cushion cover adds a finishing touch. Key Features Velvet jacquard fabric: soft and smooth to the touch, with a rich, premium look. Woven pattern: the design is built into the fabric, so it won't fade or peel like a surface print. 100% colour guarantee: the colours stay vivid and true, wash after wash. Complete coordinated set: the bedsheet, pillow covers and cushion cover match, so the bed looks styled straight away. Warm and cosy feel: velvet is comfortable and inviting, especially in cooler months. Gift-worthy: a good choice for weddings, housewarmings and festive gifting. Care Instructions Wash gently in cold or lukewarm water. Wash with similar colours and turn the pieces inside out. Use a mild detergent and avoid bleach. Dry in shade and iron on low heat on the reverse side. Why You'll Love It It looks like a luxury hotel bed, feels soft against the skin, and the design stays vibrant for a long time. The matching pieces mean you don't have to buy extras to style your bed.","in stock","new","3500.00 PKR","https://loomsday.store/product/4pc-velvet-jacquard-bedsheet-set-king-size-7","https://loomsday.store/images/products/4pc-velvet-jacquard-bedsheet-set-king-size-7.jpg","LOOMSDAY","Home & Garden > Linens & Bedding > Bedding","bedding","prod-1791390897908-tlktd"
"prod-1791390833292-dn59q","4Pc Velvet Jacquard Bedsheet Set (King Size)","4Pc Velvet Jacquard Bedsheet Set (King Size) Tagline: Plush velvet. Woven luxury. Colour that lasts. Overview Give your bedroom the look of a boutique hotel suite. This 4-piece King Size set is made from rich velvet jacquard, a fabric known for its soft, plush feel and its elegant woven pattern. The pattern is woven into the fabric rather than printed on it, so the design has depth, texture and a subtle sheen that catches the light. It suits both modern and classic décor, and it works well for everyday use as well as for wedding, gifting and festive occasions. What's in the Set Piece Quantity Size Bedsheet 1 95 × 95 inches Pillow Covers 2 19 × 29 inches Cushion Cover 1 15 × 15 inches The generous 95 × 95 inch bedsheet covers a King Size bed with room to tuck in. The pillow covers fit standard bed pillows, and the matching cushion cover adds a finishing touch. Key Features Velvet jacquard fabric: soft and smooth to the touch, with a rich, premium look. Woven pattern: the design is built into the fabric, so it won't fade or peel like a surface print. 100% colour guarantee: the colours stay vivid and true, wash after wash. Complete coordinated set: the bedsheet, pillow covers and cushion cover match, so the bed looks styled straight away. Warm and cosy feel: velvet is comfortable and inviting, especially in cooler months. Gift-worthy: a good choice for weddings, housewarmings and festive gifting. Care Instructions Wash gently in cold or lukewarm water. Wash with similar colours and turn the pieces inside out. Use a mild detergent and avoid bleach. Dry in shade and iron on low heat on the reverse side. Why You'll Love It It looks like a luxury hotel bed, feels soft against the skin, and the design stays vibrant for a long time. The matching pieces mean you don't have to buy extras to style your bed.","in stock","new","3500.00 PKR","https://loomsday.store/product/4pc-velvet-jacquard-bedsheet-set-king-size-6","https://loomsday.store/images/products/4pc-velvet-jacquard-bedsheet-set-king-size-6.jpg","LOOMSDAY","Home & Garden > Linens & Bedding > Bedding","bedding","prod-1791390833292-dn59q"
"prod-1791390762970-hfo2q","4Pc Velvet Jacquard Bedsheet Set (King Size)","4Pc Velvet Jacquard Bedsheet Set (King Size) Tagline: Plush velvet. Woven luxury. Colour that lasts. Overview Give your bedroom the look of a boutique hotel suite. This 4-piece King Size set is made from rich velvet jacquard, a fabric known for its soft, plush feel and its elegant woven pattern. The pattern is woven into the fabric rather than printed on it, so the design has depth, texture and a subtle sheen that catches the light. It suits both modern and classic décor, and it works well for everyday use as well as for wedding, gifting and festive occasions. What's in the Set Piece Quantity Size Bedsheet 1 95 × 95 inches Pillow Covers 2 19 × 29 inches Cushion Cover 1 15 × 15 inches The generous 95 × 95 inch bedsheet covers a King Size bed with room to tuck in. The pillow covers fit standard bed pillows, and the matching cushion cover adds a finishing touch. Key Features Velvet jacquard fabric: soft and smooth to the touch, with a rich, premium look. Woven pattern: the design is built into the fabric, so it won't fade or peel like a surface print. 100% colour guarantee: the colours stay vivid and true, wash after wash. Complete coordinated set: the bedsheet, pillow covers and cushion cover match, so the bed looks styled straight away. Warm and cosy feel: velvet is comfortable and inviting, especially in cooler months. Gift-worthy: a good choice for weddings, housewarmings and festive gifting. Care Instructions Wash gently in cold or lukewarm water. Wash with similar colours and turn the pieces inside out. Use a mild detergent and avoid bleach. Dry in shade and iron on low heat on the reverse side. Why You'll Love It It looks like a luxury hotel bed, feels soft against the skin, and the design stays vibrant for a long time. The matching pieces mean you don't have to buy extras to style your bed.","in stock","new","3500.00 PKR","https://loomsday.store/product/4pc-velvet-jacquard-bedsheet-set-king-size-5","https://loomsday.store/images/products/4pc-velvet-jacquard-bedsheet-set-king-size-5.jpg","LOOMSDAY","Home & Garden > Linens & Bedding > Bedding","bedding","prod-1791390762970-hfo2q"
"prod-1791390692217-nu6yf","4Pc Velvet Jacquard Bedsheet Set (King Size)","4Pc Velvet Jacquard Bedsheet Set (King Size) Tagline: Plush velvet. Woven luxury. Colour that lasts. Overview Give your bedroom the look of a boutique hotel suite. This 4-piece King Size set is made from rich velvet jacquard, a fabric known for its soft, plush feel and its elegant woven pattern. The pattern is woven into the fabric rather than printed on it, so the design has depth, texture and a subtle sheen that catches the light. It suits both modern and classic décor, and it works well for everyday use as well as for wedding, gifting and festive occasions. What's in the Set Piece Quantity Size Bedsheet 1 95 × 95 inches Pillow Covers 2 19 × 29 inches Cushion Cover 1 15 × 15 inches The generous 95 × 95 inch bedsheet covers a King Size bed with room to tuck in. The pillow covers fit standard bed pillows, and the matching cushion cover adds a finishing touch. Key Features Velvet jacquard fabric: soft and smooth to the touch, with a rich, premium look. Woven pattern: the design is built into the fabric, so it won't fade or peel like a surface print. 100% colour guarantee: the colours stay vivid and true, wash after wash. Complete coordinated set: the bedsheet, pillow covers and cushion cover match, so the bed looks styled straight away. Warm and cosy feel: velvet is comfortable and inviting, especially in cooler months. Gift-worthy: a good choice for weddings, housewarmings and festive gifting. Care Instructions Wash gently in cold or lukewarm water. Wash with similar colours and turn the pieces inside out. Use a mild detergent and avoid bleach. Dry in shade and iron on low heat on the reverse side. Why You'll Love It It looks like a luxury hotel bed, feels soft against the skin, and the design stays vibrant for a long time. The matching pieces mean you don't have to buy extras to style your bed.","in stock","new","3599.00 PKR","https://loomsday.store/product/4pc-velvet-jacquard-bedsheet-set-king-size-4","https://loomsday.store/images/products/4pc-velvet-jacquard-bedsheet-set-king-size-4.jpg","LOOMSDAY","Home & Garden > Linens & Bedding > Bedding","bedding","prod-1791390692217-nu6yf"
"prod-1791390618530-h320i","4Pc Velvet Jacquard Bedsheet Set (King Size)","4Pc Velvet Jacquard Bedsheet Set (King Size) Tagline: Plush velvet. Woven luxury. Colour that lasts. Overview Give your bedroom the look of a boutique hotel suite. This 4-piece King Size set is made from rich velvet jacquard, a fabric known for its soft, plush feel and its elegant woven pattern. The pattern is woven into the fabric rather than printed on it, so the design has depth, texture and a subtle sheen that catches the light. It suits both modern and classic décor, and it works well for everyday use as well as for wedding, gifting and festive occasions. What's in the Set Piece Quantity Size Bedsheet 1 95 × 95 inches Pillow Covers 2 19 × 29 inches Cushion Cover 1 15 × 15 inches The generous 95 × 95 inch bedsheet covers a King Size bed with room to tuck in. The pillow covers fit standard bed pillows, and the matching cushion cover adds a finishing touch. Key Features Velvet jacquard fabric: soft and smooth to the touch, with a rich, premium look. Woven pattern: the design is built into the fabric, so it won't fade or peel like a surface print. 100% colour guarantee: the colours stay vivid and true, wash after wash. Complete coordinated set: the bedsheet, pillow covers and cushion cover match, so the bed looks styled straight away. Warm and cosy feel: velvet is comfortable and inviting, especially in cooler months. Gift-worthy: a good choice for weddings, housewarmings and festive gifting. Care Instructions Wash gently in cold or lukewarm water. Wash with similar colours and turn the pieces inside out. Use a mild detergent and avoid bleach. Dry in shade and iron on low heat on the reverse side. Why You'll Love It It looks like a luxury hotel bed, feels soft against the skin, and the design stays vibrant for a long time. The matching pieces mean you don't have to buy extras to style your bed.","in stock","new","3500.00 PKR","https://loomsday.store/product/4pc-velvet-jacquard-bedsheet-set-king-size-3","https://loomsday.store/images/products/4pc-velvet-jacquard-bedsheet-set-king-size-3.jpg","LOOMSDAY","Home & Garden > Linens & Bedding > Bedding","bedding","prod-1791390618530-h320i"
"prod-1791390550700-gehtu","4Pc Velvet Jacquard Bedsheet Set (King Size)","4Pc Velvet Jacquard Bedsheet Set (King Size) Tagline: Plush velvet. Woven luxury. Colour that lasts. Overview Give your bedroom the look of a boutique hotel suite. This 4-piece King Size set is made from rich velvet jacquard, a fabric known for its soft, plush feel and its elegant woven pattern. The pattern is woven into the fabric rather than printed on it, so the design has depth, texture and a subtle sheen that catches the light. It suits both modern and classic décor, and it works well for everyday use as well as for wedding, gifting and festive occasions. What's in the Set Piece Quantity Size Bedsheet 1 95 × 95 inches Pillow Covers 2 19 × 29 inches Cushion Cover 1 15 × 15 inches The generous 95 × 95 inch bedsheet covers a King Size bed with room to tuck in. The pillow covers fit standard bed pillows, and the matching cushion cover adds a finishing touch. Key Features Velvet jacquard fabric: soft and smooth to the touch, with a rich, premium look. Woven pattern: the design is built into the fabric, so it won't fade or peel like a surface print. 100% colour guarantee: the colours stay vivid and true, wash after wash. Complete coordinated set: the bedsheet, pillow covers and cushion cover match, so the bed looks styled straight away. Warm and cosy feel: velvet is comfortable and inviting, especially in cooler months. Gift-worthy: a good choice for weddings, housewarmings and festive gifting. Care Instructions Wash gently in cold or lukewarm water. Wash with similar colours and turn the pieces inside out. Use a mild detergent and avoid bleach. Dry in shade and iron on low heat on the reverse side. Why You'll Love It It looks like a luxury hotel bed, feels soft against the skin, and the design stays vibrant for a long time. The matching pieces mean you don't have to buy extras to style your bed.","in stock","new","3500.00 PKR","https://loomsday.store/product/4pc-velvet-jacquard-bedsheet-set-king-size-2","https://loomsday.store/images/products/4pc-velvet-jacquard-bedsheet-set-king-size-2.jpg","LOOMSDAY","Home & Garden > Linens & Bedding > Bedding","bedding","prod-1791390550700-gehtu"
"prod-1791390410710-w0qva","4Pc Velvet Jacquard Bedsheet Set (King Size)","4Pc Velvet Jacquard Bedsheet Set (King Size) Tagline: Plush velvet. Woven luxury. Colour that lasts. Overview Give your bedroom the look of a boutique hotel suite. This 4-piece King Size set is made from rich velvet jacquard, a fabric known for its soft, plush feel and its elegant woven pattern. The pattern is woven into the fabric rather than printed on it, so the design has depth, texture and a subtle sheen that catches the light. It suits both modern and classic décor, and it works well for everyday use as well as for wedding, gifting and festive occasions. What's in the Set Piece Quantity Size Bedsheet 1 95 × 95 inches Pillow Covers 2 19 × 29 inches Cushion Cover 1 15 × 15 inches The generous 95 × 95 inch bedsheet covers a King Size bed with room to tuck in. The pillow covers fit standard bed pillows, and the matching cushion cover adds a finishing touch. Key Features Velvet jacquard fabric: soft and smooth to the touch, with a rich, premium look. Woven pattern: the design is built into the fabric, so it won't fade or peel like a surface print. 100% colour guarantee: the colours stay vivid and true, wash after wash. Complete coordinated set: the bedsheet, pillow covers and cushion cover match, so the bed looks styled straight away. Warm and cosy feel: velvet is comfortable and inviting, especially in cooler months. Gift-worthy: a good choice for weddings, housewarmings and festive gifting. Care Instructions Wash gently in cold or lukewarm water. Wash with similar colours and turn the pieces inside out. Use a mild detergent and avoid bleach. Dry in shade and iron on low heat on the reverse side.","in stock","new","3500.00 PKR","https://loomsday.store/product/4pc-velvet-jacquard-bedsheet-set-king-size","https://loomsday.store/images/products/4pc-velvet-jacquard-bedsheet-set-king-size.jpg","LOOMSDAY","Home & Garden > Linens & Bedding > Bedding","bedding","prod-1791390410710-w0qva"
"prod-1791279316347-uvjj0","3pc Export Quality Pure Cotton Bedsheets","3pc Export Quality Pure Cotton Bedsheets   Double Bedsheets  💯 % King Size Fabric 100% Pure Cotton 1 Flat-Sheet king Size 10 (87*95) 2 Pillow Cover's ( Size 19*29(50*75cm) Granted Colours Ready To Use and easily washable","in stock","new","1900.00 PKR","https://loomsday.store/product/3pc-export-quality-pure-cotton-bedsheets-33","https://loomsday.store/images/products/3pc-export-quality-pure-cotton-bedsheets-33.jpg","LOOMSDAY","Home & Garden > Linens & Bedding > Bedding","bedding","prod-1791279316347-uvjj0"
"prod-1791279283947-ovsey","3pc Export Quality Pure Cotton Bedsheets","3pc Export Quality Pure Cotton Bedsheets   Double Bedsheets  💯 % King Size Fabric 100% Pure Cotton 1 Flat-Sheet king Size 10 (87*95) 2 Pillow Cover's ( Size 19*29(50*75cm) Granted Colours Ready To Use and easily washable","in stock","new","1900.00 PKR","https://loomsday.store/product/3pc-export-quality-pure-cotton-bedsheets-32","https://loomsday.store/images/products/3pc-export-quality-pure-cotton-bedsheets-32.jpg","LOOMSDAY","Home & Garden > Linens & Bedding > Bedding","bedding","prod-1791279283947-ovsey"
"prod-1791279220263-avrol","3pc Export Quality Pure Cotton Bedsheets","3pc Export Quality Pure Cotton Bedsheets   Double Bedsheets  💯 % King Size Fabric 100% Pure Cotton 1 Flat-Sheet king Size 10 (87*95) 2 Pillow Cover's ( Size 19*29(50*75cm) Granted Colours Ready To Use and easily washable","in stock","new","1900.00 PKR","https://loomsday.store/product/3pc-export-quality-pure-cotton-bedsheets-31","https://loomsday.store/images/products/3pc-export-quality-pure-cotton-bedsheets-31.jpg","LOOMSDAY","Home & Garden > Linens & Bedding > Bedding","bedding","prod-1791279220263-avrol"
"prod-1791279129400-szz9y","3pc Export Quality Pure Cotton Bedsheets","3pc Export Quality Pure Cotton Bedsheets   Double Bedsheets  💯 % King Size Fabric 100% Pure Cotton 1 Flat-Sheet king Size 10 (87*95) 2 Pillow Cover's ( Size 19*29(50*75cm) Granted Colours Ready To Use and easily washable","in stock","new","1900.00 PKR","https://loomsday.store/product/3pc-export-quality-pure-cotton-bedsheets-30","https://loomsday.store/images/products/3pc-export-quality-pure-cotton-bedsheets-30.jpg","LOOMSDAY","Home & Garden > Linens & Bedding > Bedding","bedding","prod-1791279129400-szz9y"
"prod-1791279057750-j1uoz","3pc Export Quality Pure Cotton Bedsheets","3pc Export Quality Pure Cotton Bedsheets   Double Bedsheets  💯 % King Size Fabric 100% Pure Cotton 1 Flat-Sheet king Size 10 (87*95) 2 Pillow Cover's ( Size 19*29(50*75cm) Granted Colours Ready To Use and easily washable","in stock","new","1900.00 PKR","https://loomsday.store/product/3pc-export-quality-pure-cotton-bedsheets-29","https://loomsday.store/images/products/3pc-export-quality-pure-cotton-bedsheets-29.jpg","LOOMSDAY","Home & Garden > Linens & Bedding > Bedding","bedding","prod-1791279057750-j1uoz"
"prod-1791278792699-faiyc","3pc Export Quality Pure Cotton Bedsheets","3pc Export Quality Pure Cotton Bedsheets   Double Bedsheets  💯 % King Size Fabric 100% Pure Cotton 1 Flat-Sheet king Size 10 (87*95) 2 Pillow Cover's ( Size 19*29(50*75cm) Granted Colours Ready To Use and easily washable","in stock","new","1900.00 PKR","https://loomsday.store/product/3pc-export-quality-pure-cotton-bedsheets-28","https://loomsday.store/images/products/3pc-export-quality-pure-cotton-bedsheets-28.jpg","LOOMSDAY","Home & Garden > Linens & Bedding > Bedding","bedding","prod-1791278792699-faiyc"
"prod-1791278746741-cgfxg","3pc Export Quality Pure Cotton Bedsheets","3pc Export Quality Pure Cotton Bedsheets   Double Bedsheets  💯 % King Size Fabric 100% Pure Cotton 1 Flat-Sheet king Size 10 (87*95) 2 Pillow Cover's ( Size 19*29(50*75cm) Granted Colours Ready To Use and easily washable","in stock","new","1900.00 PKR","https://loomsday.store/product/3pc-export-quality-pure-cotton-bedsheets-27","https://loomsday.store/images/products/3pc-export-quality-pure-cotton-bedsheets-27.jpg","LOOMSDAY","Home & Garden > Linens & Bedding > Bedding","bedding","prod-1791278746741-cgfxg"
"prod-1791278715617-4gaq1","3pc Export Quality Pure Cotton Bedsheets","3pc Export Quality Pure Cotton Bedsheets   Double Bedsheets  💯 % King Size Fabric 100% Pure Cotton 1 Flat-Sheet king Size 10 (87*95) 2 Pillow Cover's ( Size 19*29(50*75cm) Granted Colours Ready To Use and easily washable","in stock","new","1900.00 PKR","https://loomsday.store/product/3pc-export-quality-pure-cotton-bedsheets-26","https://loomsday.store/images/products/3pc-export-quality-pure-cotton-bedsheets-26.jpg","LOOMSDAY","Home & Garden > Linens & Bedding > Bedding","bedding","prod-1791278715617-4gaq1"
"prod-1791278675913-wv0k5","3pc Export Quality Pure Cotton Bedsheets","3pc Export Quality Pure Cotton Bedsheets   Double Bedsheets  💯 % King Size Fabric 100% Pure Cotton 1 Flat-Sheet king Size 10 (87*95) 2 Pillow Cover's ( Size 19*29(50*75cm) Granted Colours Ready To Use and easily washable","in stock","new","1900.00 PKR","https://loomsday.store/product/3pc-export-quality-pure-cotton-bedsheets-25","https://loomsday.store/images/products/3pc-export-quality-pure-cotton-bedsheets-25.jpg","LOOMSDAY","Home & Garden > Linens & Bedding > Bedding","bedding","prod-1791278675913-wv0k5"
"prod-1791278632620-ql79d","3pc Export Quality Pure Cotton Bedsheets","3pc Export Quality Pure Cotton Bedsheets   Double Bedsheets  💯 % King Size Fabric 100% Pure Cotton 1 Flat-Sheet king Size 10 (87*95) 2 Pillow Cover's ( Size 19*29(50*75cm) Granted Colours Ready To Use and easily washable","in stock","new","1900.00 PKR","https://loomsday.store/product/3pc-export-quality-pure-cotton-bedsheets-24","https://loomsday.store/images/products/3pc-export-quality-pure-cotton-bedsheets-24.jpg","LOOMSDAY","Home & Garden > Linens & Bedding > Bedding","bedding","prod-1791278632620-ql79d"
"prod-1791278475926-br71w","3pc Export Quality Pure Cotton Bedsheets","3pc Export Quality Pure Cotton Bedsheets   Double Bedsheets  💯 % King Size Fabric 100% Pure Cotton 1 Flat-Sheet king Size 10 (87*95) 2 Pillow Cover's ( Size 19*29(50*75cm) Granted Colours Ready To Use and easily washable","in stock","new","1900.00 PKR","https://loomsday.store/product/3pc-export-quality-pure-cotton-bedsheets-23","https://loomsday.store/images/products/3pc-export-quality-pure-cotton-bedsheets-23.jpg","LOOMSDAY","Home & Garden > Linens & Bedding > Bedding","bedding","prod-1791278475926-br71w"
"prod-1791278437889-bm6el","3pc Export Quality Pure Cotton Bedsheets","3pc Export Quality Pure Cotton Bedsheets   Double Bedsheets  💯 % King Size Fabric 100% Pure Cotton 1 Flat-Sheet king Size 10 (87*95) 2 Pillow Cover's ( Size 19*29(50*75cm) Granted Colours Ready To Use and easily washable","in stock","new","1900.00 PKR","https://loomsday.store/product/3pc-export-quality-pure-cotton-bedsheets-22","https://loomsday.store/images/products/3pc-export-quality-pure-cotton-bedsheets-22.jpg","LOOMSDAY","Home & Garden > Linens & Bedding > Bedding","bedding","prod-1791278437889-bm6el"
"prod-1791278398945-fzhn2","3pc Export Quality Pure Cotton Bedsheets","3pc Export Quality Pure Cotton Bedsheets   Double Bedsheets  💯 % King Size Fabric 100% Pure Cotton 1 Flat-Sheet king Size 10 (87*95) 2 Pillow Cover's ( Size 19*29(50*75cm) Granted Colours Ready To Use and easily washable","in stock","new","1900.00 PKR","https://loomsday.store/product/3pc-export-quality-pure-cotton-bedsheets-21","https://loomsday.store/images/products/3pc-export-quality-pure-cotton-bedsheets-21.jpg","LOOMSDAY","Home & Garden > Linens & Bedding > Bedding","bedding","prod-1791278398945-fzhn2"
"prod-1791278362247-g6vu8","3pc Export Quality Pure Cotton Bedsheets","3pc Export Quality Pure Cotton Bedsheets   Double Bedsheets  💯 % King Size Fabric 100% Pure Cotton 1 Flat-Sheet king Size 10 (87*95) 2 Pillow Cover's ( Size 19*29(50*75cm) Granted Colours Ready To Use and easily washable","in stock","new","1900.00 PKR","https://loomsday.store/product/3pc-export-quality-pure-cotton-bedsheets-20","https://loomsday.store/images/products/3pc-export-quality-pure-cotton-bedsheets-20.jpg","LOOMSDAY","Home & Garden > Linens & Bedding > Bedding","bedding","prod-1791278362247-g6vu8"
"prod-1791278328078-h8ojq","3pc Export Quality Pure Cotton Bedsheets","3pc Export Quality Pure Cotton Bedsheets   Double Bedsheets  💯 % King Size Fabric 100% Pure Cotton 1 Flat-Sheet king Size 10 (87*95) 2 Pillow Cover's ( Size 19*29(50*75cm) Granted Colours Ready To Use and easily washable","in stock","new","1900.00 PKR","https://loomsday.store/product/3pc-export-quality-pure-cotton-bedsheets-19","https://loomsday.store/images/products/3pc-export-quality-pure-cotton-bedsheets-19.jpg","LOOMSDAY","Home & Garden > Linens & Bedding > Bedding","bedding","prod-1791278328078-h8ojq"
"prod-1791278291111-tjrwv","3pc Export Quality Pure Cotton Bedsheets","3pc Export Quality Pure Cotton Bedsheets   Double Bedsheets  💯 % King Size Fabric 100% Pure Cotton 1 Flat-Sheet king Size 10 (87*95) 2 Pillow Cover's ( Size 19*29(50*75cm) Granted Colours Ready To Use and easily washable","in stock","new","1900.00 PKR","https://loomsday.store/product/3pc-export-quality-pure-cotton-bedsheets-18","https://loomsday.store/images/products/3pc-export-quality-pure-cotton-bedsheets-18.jpg","LOOMSDAY","Home & Garden > Linens & Bedding > Bedding","bedding","prod-1791278291111-tjrwv"
"prod-1791277835628-kcbdg","3pc Export Quality Pure Cotton Bedsheets","3pc Export Quality Pure Cotton Bedsheets   Double Bedsheets  💯 % King Size Fabric 100% Pure Cotton 1 Flat-Sheet king Size 10 (87*95) 2 Pillow Cover's ( Size 19*29(50*75cm) Granted Colours Ready To Use and easily washable","in stock","new","1900.00 PKR","https://loomsday.store/product/3pc-export-quality-pure-cotton-bedsheets-17","https://loomsday.store/images/products/3pc-export-quality-pure-cotton-bedsheets-17.jpg","LOOMSDAY","Home & Garden > Linens & Bedding > Bedding","bedding","prod-1791277835628-kcbdg"
"prod-1791277771767-6lkfi","3pc Export Quality Pure Cotton Bedsheets","3pc Export Quality Pure Cotton Bedsheets   Double Bedsheets  💯 % King Size Fabric 100% Pure Cotton 1 Flat-Sheet king Size 10 (87*95) 2 Pillow Cover's ( Size 19*29(50*75cm) Granted Colours Ready To Use and easily washable","in stock","new","1900.00 PKR","https://loomsday.store/product/3pc-export-quality-pure-cotton-bedsheets-16","https://loomsday.store/images/products/3pc-export-quality-pure-cotton-bedsheets-16.jpg","LOOMSDAY","Home & Garden > Linens & Bedding > Bedding","bedding","prod-1791277771767-6lkfi"
"prod-1791277723002-6qbmf","3pc Export Quality Pure Cotton Bedsheets","3pc Export Quality Pure Cotton Bedsheets   Double Bedsheets  💯 % King Size Fabric 100% Pure Cotton 1 Flat-Sheet king Size 10 (87*95) 2 Pillow Cover's ( Size 19*29(50*75cm) Granted Colours Ready To Use and easily washable","in stock","new","1900.00 PKR","https://loomsday.store/product/3pc-export-quality-pure-cotton-bedsheets-15","https://loomsday.store/images/products/3pc-export-quality-pure-cotton-bedsheets-15.jpg","LOOMSDAY","Home & Garden > Linens & Bedding > Bedding","bedding","prod-1791277723002-6qbmf"
"prod-1791277686754-qwkld","3pc Export Quality Pure Cotton Bedsheets","3pc Export Quality Pure Cotton Bedsheets   Double Bedsheets  💯 % King Size Fabric 100% Pure Cotton 1 Flat-Sheet king Size 10 (87*95) 2 Pillow Cover's ( Size 19*29(50*75cm) Granted Colours Ready To Use and easily washable","in stock","new","1900.00 PKR","https://loomsday.store/product/3pc-export-quality-pure-cotton-bedsheets-14","https://loomsday.store/images/products/3pc-export-quality-pure-cotton-bedsheets-14.jpg","LOOMSDAY","Home & Garden > Linens & Bedding > Bedding","bedding","prod-1791277686754-qwkld"
"prod-1791277646659-w0pt1","3pc Export Quality Pure Cotton Bedsheets","3pc Export Quality Pure Cotton Bedsheets   Double Bedsheets  💯 % King Size Fabric 100% Pure Cotton 1 Flat-Sheet king Size 10 (87*95) 2 Pillow Cover's ( Size 19*29(50*75cm) Granted Colours Ready To Use and easily washable","in stock","new","1900.00 PKR","https://loomsday.store/product/3pc-export-quality-pure-cotton-bedsheets-13","https://loomsday.store/images/products/3pc-export-quality-pure-cotton-bedsheets-13.jpg","LOOMSDAY","Home & Garden > Linens & Bedding > Bedding","bedding","prod-1791277646659-w0pt1"
"prod-1791277612674-fwyw7","3pc Export Quality Pure Cotton Bedsheets","3pc Export Quality Pure Cotton Bedsheets   Double Bedsheets  💯 % King Size Fabric 100% Pure Cotton 1 Flat-Sheet king Size 10 (87*95) 2 Pillow Cover's ( Size 19*29(50*75cm) Granted Colours Ready To Use and easily washable","in stock","new","1900.00 PKR","https://loomsday.store/product/3pc-export-quality-pure-cotton-bedsheets-12","https://loomsday.store/images/products/3pc-export-quality-pure-cotton-bedsheets-12.jpg","LOOMSDAY","Home & Garden > Linens & Bedding > Bedding","bedding","prod-1791277612674-fwyw7"
"prod-1791277575024-3ebjz","3pc Export Quality Pure Cotton Bedsheets","3pc Export Quality Pure Cotton Bedsheets   Double Bedsheets  💯 % King Size Fabric 100% Pure Cotton 1 Flat-Sheet king Size 10 (87*95) 2 Pillow Cover's ( Size 19*29(50*75cm) Granted Colours Ready To Use and easily washable","in stock","new","1900.00 PKR","https://loomsday.store/product/3pc-export-quality-pure-cotton-bedsheets-11","https://loomsday.store/images/products/3pc-export-quality-pure-cotton-bedsheets-11.jpg","LOOMSDAY","Home & Garden > Linens & Bedding > Bedding","bedding","prod-1791277575024-3ebjz"
"prod-1791277533798-cqhok","3pc Export Quality Pure Cotton Bedsheets","3pc Export Quality Pure Cotton Bedsheets   Double Bedsheets  💯 % King Size Fabric 100% Pure Cotton 1 Flat-Sheet king Size 10 (87*95) 2 Pillow Cover's ( Size 19*29(50*75cm) Granted Colours Ready To Use and easily washable","in stock","new","1900.00 PKR","https://loomsday.store/product/3pc-export-quality-pure-cotton-bedsheets-10","https://loomsday.store/images/products/3pc-export-quality-pure-cotton-bedsheets-10.jpg","LOOMSDAY","Home & Garden > Linens & Bedding > Bedding","bedding","prod-1791277533798-cqhok"
"prod-1791277464134-ntlvw","3pc Export Quality Pure Cotton Bedsheets","3pc Export Quality Pure Cotton Bedsheets   Double Bedsheets  💯 % King Size Fabric 100% Pure Cotton 1 Flat-Sheet king Size 10 (87*95) 2 Pillow Cover's ( Size 19*29(50*75cm) Granted Colours Ready To Use and easily washable","in stock","new","1900.00 PKR","https://loomsday.store/product/3pc-export-quality-pure-cotton-bedsheets-9","https://loomsday.store/images/products/3pc-export-quality-pure-cotton-bedsheets-9.jpg","LOOMSDAY","Home & Garden > Linens & Bedding > Bedding","bedding","prod-1791277464134-ntlvw"
"prod-1791277421494-1a6o8","3pc Export Quality Pure Cotton Bedsheets","3pc Export Quality Pure Cotton Bedsheets   Double Bedsheets  💯 % King Size Fabric 100% Pure Cotton 1 Flat-Sheet king Size 10 (87*95) 2 Pillow Cover's ( Size 19*29(50*75cm) Granted Colours Ready To Use and easily washable","in stock","new","1900.00 PKR","https://loomsday.store/product/3pc-export-quality-pure-cotton-bedsheets-8","https://loomsday.store/images/products/3pc-export-quality-pure-cotton-bedsheets-8.jpg","LOOMSDAY","Home & Garden > Linens & Bedding > Bedding","bedding","prod-1791277421494-1a6o8"
"prod-1791277357636-d3ub9","3pc Export Quality Pure Cotton Bedsheets","3pc Export Quality Pure Cotton Bedsheets   Double Bedsheets  💯 % King Size Fabric 100% Pure Cotton 1 Flat-Sheet king Size 10 (87*95) 2 Pillow Cover's ( Size 19*29(50*75cm) Granted Colours Ready To Use and easily washable","in stock","new","1900.00 PKR","https://loomsday.store/product/3pc-export-quality-pure-cotton-bedsheets-7","https://loomsday.store/images/products/3pc-export-quality-pure-cotton-bedsheets-7.jpg","LOOMSDAY","Home & Garden > Linens & Bedding > Bedding","bedding","prod-1791277357636-d3ub9"
"prod-1791277324417-60n2p","3pc Export Quality Pure Cotton Bedsheets","3pc Export Quality Pure Cotton Bedsheets   Double Bedsheets  💯 % King Size Fabric 100% Pure Cotton 1 Flat-Sheet king Size 10 (87*95) 2 Pillow Cover's ( Size 19*29(50*75cm) Granted Colours Ready To Use and easily washable","in stock","new","1900.00 PKR","https://loomsday.store/product/3pc-export-quality-pure-cotton-bedsheets-6","https://loomsday.store/images/products/3pc-export-quality-pure-cotton-bedsheets-6.jpg","LOOMSDAY","Home & Garden > Linens & Bedding > Bedding","bedding","prod-1791277324417-60n2p"
"prod-1791277270090-7payk","3pc Export Quality Pure Cotton Bedsheets","3pc Export Quality Pure Cotton Bedsheets   Double Bedsheets  💯 % King Size Fabric 100% Pure Cotton 1 Flat-Sheet king Size 10 (87*95) 2 Pillow Cover's ( Size 19*29(50*75cm) Granted Colours Ready To Use and easily washable","in stock","new","1900.00 PKR","https://loomsday.store/product/3pc-export-quality-pure-cotton-bedsheets-5","https://loomsday.store/images/products/3pc-export-quality-pure-cotton-bedsheets-5.jpg","LOOMSDAY","Home & Garden > Linens & Bedding > Bedding","bedding","prod-1791277270090-7payk"
"prod-1791277237114-xh2m0","3pc Export Quality Pure Cotton Bedsheets","3pc Export Quality Pure Cotton Bedsheets   Double Bedsheets  💯 % King Size Fabric 100% Pure Cotton 1 Flat-Sheet king Size 10 (87*95) 2 Pillow Cover's ( Size 19*29(50*75cm) Granted Colours Ready To Use and easily washable","in stock","new","1900.00 PKR","https://loomsday.store/product/3pc-export-quality-pure-cotton-bedsheets-4","https://loomsday.store/images/products/3pc-export-quality-pure-cotton-bedsheets-4.jpg","LOOMSDAY","Home & Garden > Linens & Bedding > Bedding","bedding","prod-1791277237114-xh2m0"
"prod-1791277200960-n2xhz","3pc Export Quality Pure Cotton Bedsheets","3pc Export Quality Pure Cotton Bedsheets   Double Bedsheets  💯 % King Size Fabric 100% Pure Cotton 1 Flat-Sheet king Size 10 (87*95) 2 Pillow Cover's ( Size 19*29(50*75cm) Granted Colours Ready To Use and easily washable","in stock","new","1900.00 PKR","https://loomsday.store/product/3pc-export-quality-pure-cotton-bedsheets-3","https://loomsday.store/images/products/3pc-export-quality-pure-cotton-bedsheets-3.jpg","LOOMSDAY","Home & Garden > Linens & Bedding > Bedding","bedding","prod-1791277200960-n2xhz"
"prod-1791277165444-s0l94","3pc Export Quality Pure Cotton Bedsheets","3pc Export Quality Pure Cotton Bedsheets   Double Bedsheets  💯 % King Size Fabric 100% Pure Cotton 1 Flat-Sheet king Size 10 (87*95) 2 Pillow Cover's ( Size 19*29(50*75cm) Granted Colours Ready To Use and easily washable","in stock","new","1900.00 PKR","https://loomsday.store/product/3pc-export-quality-pure-cotton-bedsheets-2","https://loomsday.store/images/products/3pc-export-quality-pure-cotton-bedsheets-2.jpg","LOOMSDAY","Home & Garden > Linens & Bedding > Bedding","bedding","prod-1791277165444-s0l94"
"prod-1791277126414-lccbh","3pc Export Quality Pure Cotton Bedsheets","3pc Export Quality Pure Cotton Bedsheets   Double Bedsheets  💯 % King Size Fabric 100% Pure Cotton 1 Flat-Sheet king Size 10 (87*95) 2 Pillow Cover's ( Size 19*29(50*75cm) Granted Colours Ready To Use and easily washable","in stock","new","1900.00 PKR","https://loomsday.store/product/3pc-export-quality-pure-cotton-bedsheets","https://loomsday.store/images/products/3pc-export-quality-pure-cotton-bedsheets.jpg","LOOMSDAY","Home & Garden > Linens & Bedding > Bedding","bedding","prod-1791277126414-lccbh"
"prod-1791276973092-f54uh","5 PC Export Quality Pure Cotton Bedsheets","5 PC Export Quality Pure Cotton Bedsheets   Double Bedsheets  💯 % King Size Fabric 100% Pure Cotton * 1 Flat - Sheet  king Size (87*95) * 4 Pillow Cover's Size 19*29 Granted Colours Ready To Use and easily washable","in stock","new","2050.00 PKR","https://loomsday.store/product/5-pc-export-quality-pure-cotton-bedsheets-22","https://loomsday.store/images/products/5-pc-export-quality-pure-cotton-bedsheets-22.jpg","LOOMSDAY","Home & Garden > Linens & Bedding > Bedding","bedding","prod-1791276973092-f54uh"
"prod-1791276910885-xl5ea","5 PC Export Quality Pure Cotton Bedsheets","5 PC Export Quality Pure Cotton Bedsheets   Double Bedsheets  💯 % King Size Fabric 100% Pure Cotton * 1 Flat - Sheet  king Size (87*95) * 4 Pillow Cover's Size 19*29 Granted Colours Ready To Use and easily washable","in stock","new","2050.00 PKR","https://loomsday.store/product/5-pc-export-quality-pure-cotton-bedsheets-21","https://loomsday.store/images/products/5-pc-export-quality-pure-cotton-bedsheets-21.jpg","LOOMSDAY","Home & Garden > Linens & Bedding > Bedding","bedding","prod-1791276910885-xl5ea"
"prod-1791276869339-seb81","5 PC Export Quality Pure Cotton Bedsheets","5 PC Export Quality Pure Cotton Bedsheets   Double Bedsheets  💯 % King Size Fabric 100% Pure Cotton * 1 Flat - Sheet  king Size (87*95) * 4 Pillow Cover's Size 19*29 Granted Colours Ready To Use and easily washable","in stock","new","2050.00 PKR","https://loomsday.store/product/5-pc-export-quality-pure-cotton-bedsheets-20","https://loomsday.store/images/products/5-pc-export-quality-pure-cotton-bedsheets-20.jpg","LOOMSDAY","Home & Garden > Linens & Bedding > Bedding","bedding","prod-1791276869339-seb81"
"prod-1791276826816-2bvif","5 PC Export Quality Pure Cotton Bedsheets","5 PC Export Quality Pure Cotton Bedsheets   Double Bedsheets  💯 % King Size Fabric 100% Pure Cotton * 1 Flat - Sheet  king Size (87*95) * 4 Pillow Cover's Size 19*29 Granted Colours Ready To Use and easily washable","in stock","new","2050.00 PKR","https://loomsday.store/product/5-pc-export-quality-pure-cotton-bedsheets-19","https://loomsday.store/images/products/5-pc-export-quality-pure-cotton-bedsheets-19.jpg","LOOMSDAY","Home & Garden > Linens & Bedding > Bedding","bedding","prod-1791276826816-2bvif"
"prod-1791276789391-pa74s","5 PC Export Quality Pure Cotton Bedsheets","5 PC Export Quality Pure Cotton Bedsheets   Double Bedsheets  💯 % King Size Fabric 100% Pure Cotton * 1 Flat - Sheet  king Size (87*95) * 4 Pillow Cover's Size 19*29 Granted Colours Ready To Use and easily washable","in stock","new","2050.00 PKR","https://loomsday.store/product/5-pc-export-quality-pure-cotton-bedsheets-18","https://loomsday.store/images/products/5-pc-export-quality-pure-cotton-bedsheets-18.jpg","LOOMSDAY","Home & Garden > Linens & Bedding > Bedding","bedding","prod-1791276789391-pa74s"
"prod-1791276750508-jxg7u","5 PC Export Quality Pure Cotton Bedsheets","5 PC Export Quality Pure Cotton Bedsheets   Double Bedsheets  💯 % King Size Fabric 100% Pure Cotton * 1 Flat - Sheet  king Size (87*95) * 4 Pillow Cover's Size 19*29 Granted Colours Ready To Use and easily washable","in stock","new","2050.00 PKR","https://loomsday.store/product/5-pc-export-quality-pure-cotton-bedsheets-17","https://loomsday.store/images/products/5-pc-export-quality-pure-cotton-bedsheets-17.jpg","LOOMSDAY","Home & Garden > Linens & Bedding > Bedding","bedding","prod-1791276750508-jxg7u"
"prod-1791276702317-15r73","5 PC Export Quality Pure Cotton Bedsheets","5 PC Export Quality Pure Cotton Bedsheets   Double Bedsheets  💯 % King Size Fabric 100% Pure Cotton * 1 Flat - Sheet  king Size (87*95) * 4 Pillow Cover's Size 19*29 Granted Colours Ready To Use and easily washable","in stock","new","2050.00 PKR","https://loomsday.store/product/5-pc-export-quality-pure-cotton-bedsheets-16","https://loomsday.store/images/products/5-pc-export-quality-pure-cotton-bedsheets-16.jpg","LOOMSDAY","Home & Garden > Linens & Bedding > Bedding","bedding","prod-1791276702317-15r73"
"prod-1791276642893-zkd84","5 PC Export Quality Pure Cotton Bedsheets","5 PC Export Quality Pure Cotton Bedsheets   Double Bedsheets  💯 % King Size Fabric 100% Pure Cotton * 1 Flat - Sheet  king Size (87*95) * 4 Pillow Cover's Size 19*29 Granted Colours Ready To Use and easily washable","in stock","new","2050.00 PKR","https://loomsday.store/product/5-pc-export-quality-pure-cotton-bedsheets-15","https://loomsday.store/images/products/5-pc-export-quality-pure-cotton-bedsheets-15.jpg","LOOMSDAY","Home & Garden > Linens & Bedding > Bedding","bedding","prod-1791276642893-zkd84"
"prod-1791276591162-mtmv7","5 PC Export Quality Pure Cotton Bedsheets","5 PC Export Quality Pure Cotton Bedsheets   Double Bedsheets  💯 % King Size Fabric 100% Pure Cotton * 1 Flat - Sheet  king Size (87*95) * 4 Pillow Cover's Size 19*29 Granted Colours Ready To Use and easily washable","in stock","new","2050.00 PKR","https://loomsday.store/product/5-pc-export-quality-pure-cotton-bedsheets-14","https://loomsday.store/images/products/5-pc-export-quality-pure-cotton-bedsheets-14.jpg","LOOMSDAY","Home & Garden > Linens & Bedding > Bedding","bedding","prod-1791276591162-mtmv7"
"prod-1791276528812-u2zuk","5 PC Export Quality Pure Cotton Bedsheets","5 PC Export Quality Pure Cotton Bedsheets   Double Bedsheets  💯 % King Size Fabric 100% Pure Cotton * 1 Flat - Sheet  king Size (87*95) * 4 Pillow Cover's Size 19*29 Granted Colours Ready To Use and easily washable","in stock","new","2050.00 PKR","https://loomsday.store/product/5-pc-export-quality-pure-cotton-bedsheets-13","https://loomsday.store/images/products/5-pc-export-quality-pure-cotton-bedsheets-13.jpg","LOOMSDAY","Home & Garden > Linens & Bedding > Bedding","bedding","prod-1791276528812-u2zuk"
"prod-1791276463383-e0eyq","5 PC Export Quality Pure Cotton Bedsheets","5 PC Export Quality Pure Cotton Bedsheets   Double Bedsheets  💯 % King Size Fabric 100% Pure Cotton * 1 Flat - Sheet  king Size (87*95) * 4 Pillow Cover's Size 19*29 Granted Colours Ready To Use and easily washable","in stock","new","2050.00 PKR","https://loomsday.store/product/5-pc-export-quality-pure-cotton-bedsheets-12","https://loomsday.store/images/products/5-pc-export-quality-pure-cotton-bedsheets-12.jpg","LOOMSDAY","Home & Garden > Linens & Bedding > Bedding","bedding","prod-1791276463383-e0eyq"
"prod-1791276404809-0fc3w","5 PC Export Quality Pure Cotton Bedsheets","5 PC Export Quality Pure Cotton Bedsheets   Double Bedsheets  💯 % King Size Fabric 100% Pure Cotton * 1 Flat - Sheet  king Size (87*95) * 4 Pillow Cover's Size 19*29 Granted Colours Ready To Use and easily washable","in stock","new","2050.00 PKR","https://loomsday.store/product/5-pc-export-quality-pure-cotton-bedsheets-11","https://loomsday.store/images/products/5-pc-export-quality-pure-cotton-bedsheets-11.jpg","LOOMSDAY","Home & Garden > Linens & Bedding > Bedding","bedding","prod-1791276404809-0fc3w"
"prod-1791276319525-95oc9","5 PC Export Quality Pure Cotton Bedsheets","5 PC Export Quality Pure Cotton Bedsheets   Double Bedsheets  💯 % King Size Fabric 100% Pure Cotton * 1 Flat - Sheet  king Size (87*95) * 4 Pillow Cover's Size 19*29 Granted Colours Ready To Use and easily washable","in stock","new","2050.00 PKR","https://loomsday.store/product/5-pc-export-quality-pure-cotton-bedsheets-10","https://loomsday.store/images/products/5-pc-export-quality-pure-cotton-bedsheets-10.jpg","LOOMSDAY","Home & Garden > Linens & Bedding > Bedding","bedding","prod-1791276319525-95oc9"
"prod-1791276159930-m2sdk","5 PC Export Quality Pure Cotton Bedsheets","5 PC Export Quality Pure Cotton Bedsheets   Double Bedsheets  💯 % King Size Fabric 100% Pure Cotton * 1 Flat - Sheet  king Size (87*95) * 4 Pillow Cover's Size 19*29 Granted Colours Ready To Use and easily washable","in stock","new","2050.00 PKR","https://loomsday.store/product/5-pc-export-quality-pure-cotton-bedsheets-9","https://loomsday.store/images/products/5-pc-export-quality-pure-cotton-bedsheets-9.jpg","LOOMSDAY","Home & Garden > Linens & Bedding > Bedding","bedding","prod-1791276159930-m2sdk"
"prod-1791276089791-15xtl","5 PC Export Quality Pure Cotton Bedsheets","5 PC Export Quality Pure Cotton Bedsheets   Double Bedsheets  💯 % King Size Fabric 100% Pure Cotton * 1 Flat - Sheet  king Size (87*95) * 4 Pillow Cover's Size 19*29 Granted Colours Ready To Use and easily washable","in stock","new","2050.00 PKR","https://loomsday.store/product/5-pc-export-quality-pure-cotton-bedsheets-8","https://loomsday.store/images/products/5-pc-export-quality-pure-cotton-bedsheets-8.jpg","LOOMSDAY","Home & Garden > Linens & Bedding > Bedding","bedding","prod-1791276089791-15xtl"
"prod-1791276043170-j0xt7","5 PC Export Quality Pure Cotton Bedsheets","5 PC Export Quality Pure Cotton Bedsheets   Double Bedsheets  💯 % King Size Fabric 100% Pure Cotton * 1 Flat - Sheet  king Size (87*95) * 4 Pillow Cover's Size 19*29 Granted Colours Ready To Use and easily washable","in stock","new","2050.00 PKR","https://loomsday.store/product/5-pc-export-quality-pure-cotton-bedsheets-7","https://loomsday.store/images/products/5-pc-export-quality-pure-cotton-bedsheets-7.jpg","LOOMSDAY","Home & Garden > Linens & Bedding > Bedding","bedding","prod-1791276043170-j0xt7"
"prod-1791275995549-i4ai0","5 PC Export Quality Pure Cotton Bedsheets","5 PC Export Quality Pure Cotton Bedsheets   Double Bedsheets  💯 % King Size Fabric 100% Pure Cotton * 1 Flat - Sheet  king Size (87*95) * 4 Pillow Cover's Size 19*29 Granted Colours Ready To Use and easily washable","in stock","new","2050.00 PKR","https://loomsday.store/product/5-pc-export-quality-pure-cotton-bedsheets-6","https://loomsday.store/images/products/5-pc-export-quality-pure-cotton-bedsheets-6.jpg","LOOMSDAY","Home & Garden > Linens & Bedding > Bedding","bedding","prod-1791275995549-i4ai0"
"prod-1791275938107-fad0n","5 PC Export Quality Pure Cotton Bedsheets","5 PC Export Quality Pure Cotton Bedsheets   Double Bedsheets  💯 % King Size Fabric 100% Pure Cotton * 1 Flat - Sheet  king Size (87*95) * 4 Pillow Cover's Size 19*29 Granted Colours Ready To Use and easily washable","in stock","new","2050.00 PKR","https://loomsday.store/product/5-pc-export-quality-pure-cotton-bedsheets-5","https://loomsday.store/images/products/5-pc-export-quality-pure-cotton-bedsheets-5.jpg","LOOMSDAY","Home & Garden > Linens & Bedding > Bedding","bedding","prod-1791275938107-fad0n"
"prod-1791275888005-u4ear","5 PC Export Quality Pure Cotton Bedsheets","5 PC Export Quality Pure Cotton Bedsheets   Double Bedsheets  💯 % King Size Fabric 100% Pure Cotton * 1 Flat - Sheet  king Size (87*95) * 4 Pillow Cover's Size 19*29 Granted Colours Ready To Use and easily washable","in stock","new","2050.00 PKR","https://loomsday.store/product/5-pc-export-quality-pure-cotton-bedsheets-4","https://loomsday.store/images/products/5-pc-export-quality-pure-cotton-bedsheets-4.jpg","LOOMSDAY","Home & Garden > Linens & Bedding > Bedding","bedding","prod-1791275888005-u4ear"
"prod-1791275801159-qkljx","5 PC Export Quality Pure Cotton Bedsheets","5 PC Export Quality Pure Cotton Bedsheets   Double Bedsheets  💯 % King Size Fabric 100% Pure Cotton * 1 Flat - Sheet  king Size (87*95) * 4 Pillow Cover's Size 19*29 Granted Colours Ready To Use and easily washable","in stock","new","2050.00 PKR","https://loomsday.store/product/5-pc-export-quality-pure-cotton-bedsheets-3","https://loomsday.store/images/products/5-pc-export-quality-pure-cotton-bedsheets-3.jpg","LOOMSDAY","Home & Garden > Linens & Bedding > Bedding","bedding","prod-1791275801159-qkljx"
"prod-1791275737726-d20qi","5 PC Export Quality Pure Cotton Bedsheets","5 PC Export Quality Pure Cotton Bedsheets   Double Bedsheets  💯 % King Size Fabric 100% Pure Cotton * 1 Flat - Sheet  king Size (87*95) * 4 Pillow Cover's Size 19*29 Granted Colours Ready To Use and easily washable","in stock","new","2050.00 PKR","https://loomsday.store/product/5-pc-export-quality-pure-cotton-bedsheets-2","https://loomsday.store/images/products/5-pc-export-quality-pure-cotton-bedsheets-2.jpg","LOOMSDAY","Home & Garden > Linens & Bedding > Bedding","bedding","prod-1791275737726-d20qi"
"prod-1791275663201-o91et","5 PC Export Quality Pure Cotton Bedsheets","5 PC Export Quality Pure Cotton Bedsheets   Double Bedsheets  💯 % King Size Fabric 100% Pure Cotton * 1 Flat - Sheet  king Size (87*95) * 4 Pillow Cover's Size 19*29 Granted Colours Ready To Use and easily washable","in stock","new","2050.00 PKR","https://loomsday.store/product/5-pc-export-quality-pure-cotton-bedsheets","https://loomsday.store/images/products/5-pc-export-quality-pure-cotton-bedsheets.jpg","LOOMSDAY","Home & Garden > Linens & Bedding > Bedding","bedding","prod-1791275663201-o91et"